From,To,Train Name,Train No,Duration,Type,Departure Time,Arrival Time,Price Category,Train Price,Train Date
Jalgaon,Chennai,Chennai Express,85527,18:58,Passenger,12:56,11:46,Moderate,243,17-12-2025
Jalgaon,Hyderabad,Hyderabad Express,82007,16:24,Express,15:09,20:57,Economy,450,15-09-2025
Mumbai,Indore,Indore Express,83423,08:06,Express,00:04,08:01,Economy,435,02-11-2025
Pune,Indore,Indore Express,83256,04:56,Express,04:16,15:07,Economy,405,10-09-2025
Nashik,Vadodara,Vadodara Express,83219,20:38,Passenger,11:14,02:06,Economy,828,31-07-2025
Solapur,Indore,Indore Express,86326,18:42,Passenger,11:40,01:54,Luxury,289,04-04-2025
Nashik,Bhopal,Bhopal Express,87594,11:40,Express,19:13,07:39,Luxury,821,02-04-2025
Jalgaon,Udaipur,Udaipur Express,88457,10:37,Superfast,02:38,19:39,Luxury,614,14-12-2025
Amravati,Jaipur,Jaipur Express,88684,06:17,Passenger,04:52,18:31,Luxury,540,09-08-2025
Solapur,Bhopal,Bhopal Express,88316,19:36,Express,05:45,13:59,Moderate,362,01-09-2025
Pune,Jaipur,Jaipur Express,81084,06:23,Express,08:42,05:49,Moderate,582,03-03-2025
Amravati,Udaipur,Udaipur Express,85983,01:08,Passenger,03:49,10:00,Luxury,660,21-12-2025
Kolhapur,Goa,Goa Express,81261,17:12,Passenger,00:27,23:05,Moderate,859,19-11-2025
Amravati,Indore,Indore Express,86531,03:24,Passenger,20:25,14:43,Moderate,328,20-02-2025
Aurangabad,Hyderabad,Hyderabad Express,85625,15:58,Superfast,06:07,13:58,Luxury,203,07-07-2025
Kolhapur,Jaipur,Jaipur Express,86721,18:31,Superfast,17:10,12:41,Economy,786,10-03-2025
Pune,Jaipur,Jaipur Express,87592,10:49,Superfast,01:19,14:31,Luxury,703,06-02-2025
Mumbai,Goa,Goa Express,88364,17:43,Superfast,13:54,05:19,Moderate,239,15-06-2025
Jalgaon,Udaipur,Udaipur Express,83446,04:57,Superfast,19:47,12:40,Moderate,806,22-07-2025
Mumbai,Bhopal,Bhopal Express,83297,17:20,Passenger,01:08,22:57,Economy,896,02-08-2025
Kolhapur,Ahmedabad,Ahmedabad Express,87106,09:56,Express,13:35,07:17,Luxury,746,03-09-2025
Solapur,Hyderabad,Hyderabad Express,83695,06:10,Express,15:46,11:50,Economy,789,01-07-2025
Nagpur,Surat,Surat Express,88076,07:46,Passenger,13:41,20:32,Economy,142,08-04-2025
Solapur,Ahmedabad,Ahmedabad Express,83959,19:31,Express,21:03,23:51,Moderate,833,12-10-2025
Pune,Vadodara,Vadodara Express,83079,15:39,Superfast,09:07,12:27,Economy,320,29-06-2025
Mumbai,Chennai,Chennai Express,86306,04:37,Superfast,17:39,11:08,Moderate,156,06-10-2025
Nashik,Vadodara,Vadodara Express,87878,10:11,Passenger,10:15,23:21,Luxury,943,07-10-2025
Amravati,Vadodara,Vadodara Express,80651,09:59,Express,11:17,16:46,Luxury,930,15-09-2025
Pune,Hyderabad,Hyderabad Express,86733,18:07,Express,22:44,19:20,Luxury,147,29-01-2025
Thane,Hyderabad,Hyderabad Express,85655,07:54,Express,01:22,21:20,Economy,796,08-08-2025
Nagpur,Udaipur,Udaipur Express,89345,10:45,Passenger,09:06,21:58,Moderate,841,20-03-2025
Mumbai,Goa,Goa Express,85850,15:33,Express,20:15,11:06,Economy,984,09-12-2025
Pune,Goa,Goa Express,82631,03:51,Superfast,16:02,22:00,Moderate,469,27-04-2025
Kolhapur,Goa,Goa Express,83835,16:48,Express,05:22,00:07,Moderate,162,11-07-2025
Mumbai,Chennai,Chennai Express,87536,12:54,Passenger,11:03,06:36,Moderate,471,02-03-2025
Thane,Chennai,Chennai Express,81380,04:01,Passenger,14:15,05:26,Luxury,385,06-09-2025
Nashik,Udaipur,Udaipur Express,87775,04:33,Passenger,18:13,05:09,Luxury,826,30-11-2025
Kolhapur,Vadodara,Vadodara Express,87449,09:45,Superfast,13:53,03:54,Luxury,829,13-02-2025
Kolhapur,Udaipur,Udaipur Express,81873,05:07,Superfast,14:20,02:22,Luxury,698,15-06-2025
Nashik,Ahmedabad,Ahmedabad Express,83159,08:49,Express,14:07,03:53,Luxury,483,18-08-2025
Thane,Hyderabad,Hyderabad Express,85817,07:20,Express,19:03,13:48,Moderate,773,01-10-2025
Mumbai,Udaipur,Udaipur Express,82460,17:09,Passenger,03:36,19:31,Economy,627,30-11-2025
Aurangabad,Bhopal,Bhopal Express,86255,10:10,Superfast,14:46,07:44,Luxury,690,22-02-2025
Solapur,Ahmedabad,Ahmedabad Express,83658,02:21,Superfast,17:08,16:31,Luxury,883,03-02-2025
Amravati,Hyderabad,Hyderabad Express,89476,06:17,Passenger,12:19,08:59,Luxury,350,05-04-2025
Mumbai,Jaipur,Jaipur Express,82568,01:50,Superfast,11:56,16:16,Economy,614,02-08-2025
Nagpur,Surat,Surat Express,82732,20:01,Passenger,19:16,05:01,Moderate,423,19-06-2025
Pune,Vadodara,Vadodara Express,86959,05:36,Passenger,14:49,03:10,Luxury,897,13-06-2025
Aurangabad,Udaipur,Udaipur Express,83669,08:14,Express,04:01,05:32,Economy,513,01-02-2025
Pune,Hyderabad,Hyderabad Express,87835,11:54,Express,16:55,00:37,Economy,348,26-06-2025
Aurangabad,Udaipur,Udaipur Express,86741,09:37,Express,00:04,14:09,Luxury,753,01-02-2025
Aurangabad,Indore,Indore Express,84843,11:20,Passenger,10:39,17:46,Moderate,367,26-10-2025
Aurangabad,Hyderabad,Hyderabad Express,86789,11:12,Passenger,06:56,03:36,Economy,323,18-02-2025
Kolhapur,Surat,Surat Express,88300,09:58,Express,12:05,13:38,Moderate,572,19-12-2025
Kolhapur,Bhopal,Bhopal Express,82804,11:40,Passenger,03:21,08:17,Luxury,755,02-03-2025
Amravati,Indore,Indore Express,85779,12:12,Passenger,18:59,16:44,Economy,433,25-11-2025
Amravati,Hyderabad,Hyderabad Express,80457,20:27,Superfast,05:14,05:34,Moderate,413,05-12-2025
Solapur,Surat,Surat Express,85279,01:52,Express,22:49,05:37,Luxury,673,31-07-2025
Amravati,Hyderabad,Hyderabad Express,89256,06:28,Express,20:12,06:40,Moderate,916,21-09-2025
Amravati,Jaipur,Jaipur Express,84644,08:33,Express,23:56,12:39,Luxury,767,30-05-2025
Kolhapur,Goa,Goa Express,84639,19:27,Superfast,15:11,14:54,Economy,595,12-09-2025
Nagpur,Vadodara,Vadodara Express,87924,10:23,Superfast,23:48,07:36,Luxury,168,01-04-2025
Amravati,Chennai,Chennai Express,81045,01:57,Passenger,10:00,16:15,Moderate,359,04-03-2025
Jalgaon,Jaipur,Jaipur Express,82255,19:39,Express,23:06,02:01,Economy,535,05-07-2025
Thane,Hyderabad,Hyderabad Express,81497,15:40,Express,16:44,14:37,Moderate,279,01-12-2025
Solapur,Surat,Surat Express,87955,02:29,Express,02:48,00:53,Moderate,544,06-12-2025
Jalgaon,Surat,Surat Express,84169,09:01,Passenger,19:27,09:27,Moderate,572,28-10-2025
Nashik,Indore,Indore Express,89658,09:28,Superfast,20:03,15:52,Moderate,252,14-03-2025
Mumbai,Jaipur,Jaipur Express,80127,16:08,Express,18:40,05:54,Luxury,224,11-07-2025
Jalgaon,Bhopal,Bhopal Express,81062,18:21,Passenger,20:48,13:47,Luxury,222,16-01-2025
Amravati,Vadodara,Vadodara Express,83218,15:25,Passenger,09:02,11:59,Luxury,566,05-01-2025
Aurangabad,Jaipur,Jaipur Express,88488,04:43,Passenger,19:42,10:46,Luxury,481,04-07-2025
Nashik,Hyderabad,Hyderabad Express,80532,19:35,Superfast,01:20,14:53,Economy,383,17-12-2025
Nagpur,Udaipur,Udaipur Express,85683,14:34,Express,10:15,23:06,Economy,720,22-08-2025
Kolhapur,Hyderabad,Hyderabad Express,89909,17:44,Express,04:49,10:38,Luxury,317,02-12-2025
Thane,Indore,Indore Express,85710,02:41,Superfast,19:50,16:27,Economy,514,24-01-2025
Nashik,Ahmedabad,Ahmedabad Express,85915,03:57,Express,17:27,18:53,Moderate,531,25-08-2025
Thane,Jaipur,Jaipur Express,81611,20:28,Superfast,21:03,22:57,Moderate,130,21-09-2025
Aurangabad,Jaipur,Jaipur Express,84469,11:49,Passenger,15:16,14:53,Moderate,693,04-07-2025
Nashik,Indore,Indore Express,87827,15:14,Passenger,15:49,00:18,Economy,716,27-11-2025
Nagpur,Chennai,Chennai Express,81024,20:20,Passenger,17:10,14:27,Moderate,741,29-12-2025
Amravati,Chennai,Chennai Express,81084,18:01,Superfast,10:27,09:05,Luxury,643,11-01-2025
Thane,Indore,Indore Express,81884,06:50,Passenger,06:50,12:08,Moderate,482,07-06-2025
Thane,Indore,Indore Express,83030,16:44,Passenger,23:06,10:08,Luxury,871,03-07-2025
Nagpur,Udaipur,Udaipur Express,87061,05:33,Superfast,23:31,09:22,Luxury,351,07-12-2025
Jalgaon,Indore,Indore Express,88838,04:37,Passenger,19:40,05:29,Moderate,298,22-05-2025
Kolhapur,Indore,Indore Express,82140,17:17,Express,06:48,01:34,Economy,261,15-05-2025
Kolhapur,Jaipur,Jaipur Express,80318,09:16,Express,22:27,12:05,Luxury,538,15-04-2025
Jalgaon,Ahmedabad,Ahmedabad Express,83622,16:36,Express,13:10,14:26,Economy,187,10-04-2025
Amravati,Vadodara,Vadodara Express,80302,19:43,Express,21:43,00:52,Luxury,706,21-05-2025
Nagpur,Hyderabad,Hyderabad Express,81407,13:54,Passenger,18:07,14:35,Moderate,461,30-05-2025
Amravati,Jaipur,Jaipur Express,85718,08:08,Superfast,17:52,15:02,Economy,401,04-09-2025
Thane,Jaipur,Jaipur Express,83613,12:02,Express,07:58,22:19,Economy,746,23-05-2025
Thane,Hyderabad,Hyderabad Express,84052,17:30,Superfast,05:11,15:38,Luxury,478,24-03-2025
Kolhapur,Hyderabad,Hyderabad Express,84761,20:03,Superfast,15:14,12:20,Moderate,375,07-07-2025
Aurangabad,Vadodara,Vadodara Express,84230,06:25,Passenger,14:16,22:16,Luxury,363,20-03-2025
Solapur,Hyderabad,Hyderabad Express,84885,15:29,Superfast,09:42,22:54,Luxury,146,27-02-2025
Jalgaon,Surat,Surat Express,85514,20:30,Passenger,21:24,16:48,Economy,200,28-09-2025
Mumbai,Surat,Surat Express,80014,02:35,Express,11:56,00:14,Economy,717,13-09-2025
Solapur,Ahmedabad,Ahmedabad Express,89240,10:02,Superfast,00:31,01:55,Economy,714,06-08-2025
Aurangabad,Jaipur,Jaipur Express,82940,02:52,Passenger,09:08,12:30,Moderate,953,03-07-2025
Nashik,Jaipur,Jaipur Express,82117,02:59,Superfast,06:16,15:14,Moderate,209,05-11-2025
Aurangabad,Surat,Surat Express,86899,03:22,Superfast,21:06,08:27,Economy,796,01-07-2025
Nashik,Vadodara,Vadodara Express,82213,01:41,Express,18:18,15:26,Economy,155,09-02-2025
Pune,Bhopal,Bhopal Express,88667,17:58,Superfast,14:57,16:14,Moderate,381,14-08-2025
Solapur,Indore,Indore Express,83879,14:47,Express,22:37,17:50,Economy,492,28-10-2025
Amravati,Vadodara,Vadodara Express,81053,19:52,Superfast,21:01,01:52,Luxury,974,07-02-2025
Thane,Surat,Surat Express,82899,02:18,Express,06:05,02:38,Moderate,236,21-07-2025
Thane,Surat,Surat Express,89092,13:18,Superfast,20:23,11:14,Luxury,244,27-08-2025
Pune,Chennai,Chennai Express,89218,20:20,Superfast,13:06,05:38,Moderate,587,16-06-2025
Amravati,Ahmedabad,Ahmedabad Express,85955,11:22,Express,05:16,02:32,Moderate,881,06-08-2025
Jalgaon,Jaipur,Jaipur Express,80649,09:29,Express,13:15,04:17,Moderate,697,01-06-2025
Mumbai,Hyderabad,Hyderabad Express,86582,01:52,Passenger,04:32,16:36,Moderate,309,12-01-2025
Amravati,Bhopal,Bhopal Express,81629,13:52,Superfast,17:10,22:20,Economy,591,12-07-2025
Nashik,Hyderabad,Hyderabad Express,83467,07:13,Superfast,19:26,14:18,Moderate,626,02-09-2025
Solapur,Jaipur,Jaipur Express,84523,04:45,Express,03:09,20:40,Economy,955,28-07-2025
Solapur,Hyderabad,Hyderabad Express,84411,04:39,Express,21:03,06:58,Economy,409,11-11-2025
Mumbai,Hyderabad,Hyderabad Express,83601,09:12,Passenger,13:48,01:29,Economy,462,18-09-2025
Pune,Udaipur,Udaipur Express,89387,06:37,Superfast,20:44,16:23,Economy,942,24-11-2025
Pune,Ahmedabad,Ahmedabad Express,86176,17:23,Passenger,01:14,13:20,Luxury,515,08-01-2025
Jalgaon,Hyderabad,Hyderabad Express,89201,14:52,Superfast,21:50,14:17,Moderate,755,18-08-2025
Mumbai,Surat,Surat Express,88714,04:08,Superfast,04:41,15:38,Economy,958,31-03-2025
Pune,Goa,Goa Express,89858,04:32,Express,18:05,03:46,Luxury,480,04-04-2025
Thane,Udaipur,Udaipur Express,88177,12:55,Passenger,08:22,05:22,Moderate,366,23-06-2025
Solapur,Vadodara,Vadodara Express,84538,07:35,Passenger,11:45,14:07,Moderate,814,28-11-2025
Solapur,Goa,Goa Express,85884,11:36,Express,18:22,06:56,Moderate,306,22-11-2025
Pune,Goa,Goa Express,89716,16:33,Superfast,11:49,08:14,Moderate,659,03-12-2025
Mumbai,Surat,Surat Express,83721,20:49,Passenger,16:10,18:50,Moderate,499,06-09-2025
Kolhapur,Ahmedabad,Ahmedabad Express,81484,12:53,Superfast,02:57,21:39,Luxury,203,08-10-2025
Thane,Indore,Indore Express,87812,20:03,Express,04:27,09:26,Economy,862,26-03-2025
Aurangabad,Goa,Goa Express,83037,15:06,Superfast,20:14,16:03,Economy,825,20-05-2025
Kolhapur,Chennai,Chennai Express,88360,18:08,Superfast,04:39,16:37,Economy,302,12-06-2025
Pune,Jaipur,Jaipur Express,83465,20:58,Express,10:22,18:59,Moderate,468,08-05-2025
Nashik,Jaipur,Jaipur Express,80511,04:45,Express,16:43,23:38,Economy,805,21-03-2025
Thane,Ahmedabad,Ahmedabad Express,87722,07:40,Superfast,20:59,20:08,Luxury,362,24-12-2025
Amravati,Surat,Surat Express,83456,11:29,Express,01:53,17:13,Moderate,863,21-10-2025
Mumbai,Surat,Surat Express,89842,12:15,Superfast,09:36,12:52,Moderate,211,22-03-2025
Mumbai,Chennai,Chennai Express,84053,10:44,Passenger,07:45,20:52,Luxury,648,02-08-2025
Solapur,Hyderabad,Hyderabad Express,82637,20:52,Passenger,07:25,08:22,Luxury,719,11-12-2025
Amravati,Vadodara,Vadodara Express,83087,02:01,Express,22:32,06:59,Luxury,515,02-06-2025
Solapur,Bhopal,Bhopal Express,87736,15:00,Passenger,19:52,14:01,Luxury,894,01-03-2025
Jalgaon,Chennai,Chennai Express,81292,12:06,Passenger,03:54,09:14,Economy,202,06-12-2025
Mumbai,Chennai,Chennai Express,86285,06:57,Passenger,01:01,08:59,Economy,697,30-09-2025
Aurangabad,Surat,Surat Express,80207,19:07,Passenger,14:30,04:57,Moderate,477,30-01-2025
Thane,Indore,Indore Express,80115,03:00,Express,18:21,08:28,Economy,802,17-09-2025
Solapur,Goa,Goa Express,87273,11:29,Superfast,04:07,23:19,Economy,279,09-03-2025
Solapur,Hyderabad,Hyderabad Express,89805,01:36,Passenger,12:18,13:51,Moderate,299,29-04-2025
Jalgaon,Bhopal,Bhopal Express,80910,08:54,Superfast,15:35,19:27,Economy,969,20-01-2025
Mumbai,Bhopal,Bhopal Express,81568,06:48,Superfast,03:29,18:42,Luxury,831,20-08-2025
Jalgaon,Goa,Goa Express,83870,05:20,Superfast,11:48,10:24,Luxury,625,05-10-2025
Nashik,Bhopal,Bhopal Express,88492,19:34,Superfast,17:48,02:34,Luxury,702,13-02-2025
Aurangabad,Hyderabad,Hyderabad Express,81225,11:15,Passenger,08:56,09:28,Luxury,561,25-07-2025
Amravati,Hyderabad,Hyderabad Express,85974,04:22,Superfast,09:55,03:37,Economy,374,24-09-2025
Pune,Ahmedabad,Ahmedabad Express,81017,04:33,Express,04:35,16:18,Economy,223,17-09-2025
Aurangabad,Udaipur,Udaipur Express,88311,18:02,Passenger,08:29,11:24,Luxury,986,12-06-2025
Mumbai,Surat,Surat Express,89769,04:12,Express,14:42,20:08,Moderate,538,28-10-2025
Pune,Udaipur,Udaipur Express,88025,04:13,Express,04:14,13:39,Luxury,707,20-03-2025
Aurangabad,Surat,Surat Express,84367,01:03,Superfast,01:53,11:12,Luxury,437,24-02-2025
Thane,Surat,Surat Express,81968,17:44,Superfast,22:54,11:56,Moderate,184,12-09-2025
Nagpur,Chennai,Chennai Express,85449,11:55,Express,22:59,00:43,Economy,158,16-07-2025
Nashik,Goa,Goa Express,80187,12:21,Passenger,01:03,01:31,Luxury,119,10-10-2025
Jalgaon,Chennai,Chennai Express,83510,17:53,Passenger,22:36,07:46,Luxury,652,17-01-2025
Jalgaon,Udaipur,Udaipur Express,86369,01:07,Express,10:09,01:03,Luxury,116,19-01-2025
Mumbai,Surat,Surat Express,88251,17:35,Superfast,20:19,04:34,Moderate,678,26-05-2025
Amravati,Goa,Goa Express,88176,01:21,Express,23:02,01:30,Moderate,270,10-04-2025
Mumbai,Vadodara,Vadodara Express,84763,09:48,Superfast,17:52,21:24,Moderate,610,15-03-2025
Thane,Chennai,Chennai Express,89582,16:29,Passenger,19:54,18:22,Economy,171,17-02-2025
Nashik,Hyderabad,Hyderabad Express,88032,11:06,Passenger,06:55,04:25,Moderate,450,20-02-2025
Pune,Hyderabad,Hyderabad Express,85910,12:13,Passenger,01:28,16:36,Moderate,519,21-11-2025
Solapur,Ahmedabad,Ahmedabad Express,85424,15:36,Superfast,06:39,13:01,Economy,691,14-06-2025
Aurangabad,Jaipur,Jaipur Express,81621,10:28,Passenger,23:38,16:48,Luxury,892,04-11-2025
Aurangabad,Chennai,Chennai Express,82231,03:41,Superfast,09:21,03:15,Luxury,357,12-05-2025
Amravati,Udaipur,Udaipur Express,86751,17:38,Passenger,03:08,13:43,Luxury,621,06-03-2025
Kolhapur,Udaipur,Udaipur Express,86516,05:45,Superfast,22:40,05:32,Economy,945,02-10-2025
Nagpur,Chennai,Chennai Express,82672,10:23,Superfast,16:01,02:52,Economy,503,10-12-2025
Aurangabad,Ahmedabad,Ahmedabad Express,80208,01:27,Express,00:02,05:20,Moderate,826,29-07-2025
Nagpur,Chennai,Chennai Express,81622,01:11,Superfast,10:39,10:31,Economy,640,24-09-2025
Pune,Vadodara,Vadodara Express,87740,04:31,Express,08:15,21:47,Moderate,210,26-05-2025
Thane,Udaipur,Udaipur Express,83553,07:08,Express,19:00,14:31,Luxury,895,13-02-2025
Pune,Chennai,Chennai Express,80968,05:53,Express,23:34,21:38,Economy,352,30-05-2025
Solapur,Udaipur,Udaipur Express,84053,03:41,Express,09:03,16:06,Moderate,949,23-09-2025
Thane,Goa,Goa Express,80192,03:49,Express,06:30,07:30,Moderate,130,30-06-2025
Aurangabad,Vadodara,Vadodara Express,87472,12:27,Express,17:29,10:23,Moderate,763,19-03-2025
Mumbai,Udaipur,Udaipur Express,81538,13:56,Express,02:38,10:21,Moderate,472,12-09-2025
Nashik,Jaipur,Jaipur Express,88813,01:18,Express,03:29,05:11,Economy,107,02-11-2025
Aurangabad,Goa,Goa Express,87888,03:12,Passenger,09:59,15:36,Moderate,918,12-03-2025
Aurangabad,Jaipur,Jaipur Express,85174,12:42,Express,03:48,21:41,Economy,119,01-08-2025
Aurangabad,Udaipur,Udaipur Express,81849,09:20,Express,13:01,19:38,Moderate,341,10-11-2025
Thane,Jaipur,Jaipur Express,85966,19:23,Passenger,05:24,21:29,Economy,404,21-06-2025
Solapur,Jaipur,Jaipur Express,88312,03:26,Passenger,20:20,21:56,Luxury,580,21-12-2025
Pune,Udaipur,Udaipur Express,84932,13:24,Express,13:42,22:52,Moderate,423,02-01-2025
Jalgaon,Hyderabad,Hyderabad Express,83135,03:11,Passenger,04:06,14:34,Economy,580,06-11-2025
Solapur,Goa,Goa Express,82954,07:56,Express,13:04,07:10,Luxury,475,30-01-2025
Thane,Surat,Surat Express,89229,07:21,Superfast,19:57,11:52,Economy,512,19-11-2025
Aurangabad,Jaipur,Jaipur Express,80444,16:45,Passenger,13:02,23:09,Moderate,610,11-08-2025
Amravati,Jaipur,Jaipur Express,86187,17:54,Passenger,18:34,13:36,Luxury,757,28-06-2025
Mumbai,Udaipur,Udaipur Express,85813,05:56,Superfast,14:01,05:36,Moderate,443,27-02-2025
Nashik,Indore,Indore Express,86285,07:43,Passenger,07:59,08:58,Moderate,347,23-10-2025
Amravati,Vadodara,Vadodara Express,87200,12:03,Express,21:53,21:28,Luxury,154,13-09-2025
Thane,Chennai,Chennai Express,80713,07:28,Express,14:33,12:47,Luxury,447,07-07-2025
Amravati,Indore,Indore Express,88179,01:22,Superfast,16:56,13:58,Economy,301,17-09-2025
Pune,Bhopal,Bhopal Express,82700,02:43,Passenger,11:11,05:27,Economy,923,05-02-2025
Solapur,Bhopal,Bhopal Express,87130,18:31,Superfast,03:02,10:52,Economy,190,01-08-2025
Mumbai,Ahmedabad,Ahmedabad Express,83605,15:42,Passenger,20:21,00:21,Luxury,677,25-04-2025
Mumbai,Ahmedabad,Ahmedabad Express,86656,01:54,Express,21:51,02:09,Economy,755,10-11-2025
Amravati,Goa,Goa Express,87288,17:21,Passenger,04:29,09:50,Economy,299,28-06-2025
Amravati,Chennai,Chennai Express,84271,01:21,Passenger,01:45,00:19,Economy,209,19-06-2025
Pune,Udaipur,Udaipur Express,80397,09:52,Passenger,20:15,12:07,Moderate,776,18-02-2025
Aurangabad,Ahmedabad,Ahmedabad Express,87629,03:49,Express,05:46,06:37,Economy,243,10-03-2025
Nagpur,Vadodara,Vadodara Express,82924,04:36,Passenger,16:36,06:01,Economy,585,04-12-2025
Nashik,Surat,Surat Express,89505,03:08,Express,17:45,21:25,Luxury,494,08-12-2025
Kolhapur,Goa,Goa Express,84764,01:24,Express,19:56,14:07,Moderate,633,07-12-2025
Amravati,Bhopal,Bhopal Express,84736,01:46,Passenger,19:26,15:51,Luxury,713,11-04-2025
Thane,Bhopal,Bhopal Express,83924,09:08,Passenger,17:25,14:25,Moderate,175,07-11-2025
Mumbai,Chennai,Chennai Express,80709,06:05,Superfast,06:24,13:35,Luxury,458,09-08-2025
Aurangabad,Indore,Indore Express,83431,19:13,Superfast,22:52,23:18,Luxury,929,01-01-2025
Jalgaon,Bhopal,Bhopal Express,86079,06:40,Passenger,05:01,09:45,Economy,787,08-07-2025
Mumbai,Vadodara,Vadodara Express,81506,08:57,Express,06:08,15:41,Economy,767,26-08-2025
Nagpur,Goa,Goa Express,80591,11:14,Superfast,14:56,03:07,Luxury,175,24-03-2025
Thane,Ahmedabad,Ahmedabad Express,81293,13:55,Superfast,11:36,18:12,Luxury,378,26-07-2025
Nagpur,Surat,Surat Express,87164,01:59,Passenger,17:18,15:22,Moderate,990,08-06-2025
Mumbai,Hyderabad,Hyderabad Express,80536,01:37,Superfast,05:26,17:42,Economy,134,19-01-2025
Amravati,Indore,Indore Express,82364,01:48,Superfast,14:07,00:37,Luxury,659,04-05-2025
Kolhapur,Chennai,Chennai Express,89924,20:45,Express,03:46,09:07,Luxury,626,19-06-2025
Aurangabad,Bhopal,Bhopal Express,87050,07:48,Express,13:07,13:48,Moderate,570,26-09-2025
Aurangabad,Vadodara,Vadodara Express,83208,01:37,Passenger,22:02,01:03,Economy,836,14-07-2025
Mumbai,Hyderabad,Hyderabad Express,85920,12:53,Superfast,23:54,20:50,Luxury,900,15-09-2025
Nagpur,Jaipur,Jaipur Express,89996,13:23,Passenger,11:24,07:01,Moderate,530,25-04-2025
Thane,Surat,Surat Express,82664,08:34,Passenger,21:52,12:01,Moderate,648,13-09-2025
Solapur,Chennai,Chennai Express,85383,04:43,Superfast,14:33,15:35,Moderate,208,04-04-2025
Solapur,Jaipur,Jaipur Express,83096,07:00,Passenger,17:16,04:39,Economy,682,07-09-2025
Jalgaon,Jaipur,Jaipur Express,83423,01:07,Express,12:13,09:22,Economy,612,31-10-2025
Aurangabad,Jaipur,Jaipur Express,82930,14:39,Superfast,04:54,05:35,Luxury,889,29-07-2025
Nashik,Udaipur,Udaipur Express,87629,13:16,Superfast,18:06,23:46,Moderate,410,17-07-2025
Aurangabad,Goa,Goa Express,83361,20:20,Superfast,05:23,21:09,Luxury,849,22-02-2025
Pune,Udaipur,Udaipur Express,87564,02:29,Superfast,17:10,10:38,Moderate,229,17-05-2025
Solapur,Chennai,Chennai Express,82138,18:47,Superfast,12:59,09:02,Moderate,306,11-09-2025
Kolhapur,Ahmedabad,Ahmedabad Express,86933,10:49,Passenger,15:21,09:55,Luxury,407,01-08-2025
Pune,Jaipur,Jaipur Express,81046,10:24,Superfast,15:12,04:19,Moderate,948,07-07-2025
Aurangabad,Vadodara,Vadodara Express,82328,19:16,Passenger,04:22,03:56,Luxury,657,06-12-2025
Jalgaon,Chennai,Chennai Express,80190,03:44,Express,12:31,00:21,Moderate,323,26-01-2025
Pune,Chennai,Chennai Express,81167,18:23,Express,22:12,20:50,Luxury,162,25-12-2025
Aurangabad,Bhopal,Bhopal Express,85214,01:22,Superfast,17:17,12:21,Moderate,527,23-10-2025
Nashik,Vadodara,Vadodara Express,85212,11:49,Passenger,17:05,16:09,Economy,294,24-02-2025
Mumbai,Hyderabad,Hyderabad Express,87366,07:44,Express,01:31,17:11,Luxury,334,13-04-2025
Nashik,Ahmedabad,Ahmedabad Express,85735,01:11,Superfast,21:12,23:11,Moderate,454,20-01-2025
Amravati,Surat,Surat Express,81596,12:20,Superfast,14:52,07:24,Economy,729,01-06-2025
Aurangabad,Goa,Goa Express,82372,08:09,Superfast,07:13,19:20,Moderate,348,07-07-2025
Nagpur,Hyderabad,Hyderabad Express,80441,15:40,Express,00:23,21:43,Economy,989,20-05-2025
Aurangabad,Chennai,Chennai Express,80061,19:27,Express,14:55,18:27,Moderate,926,06-04-2025
Solapur,Indore,Indore Express,88016,02:50,Passenger,20:35,16:16,Luxury,653,18-05-2025
Aurangabad,Udaipur,Udaipur Express,87720,16:50,Passenger,17:22,13:10,Economy,152,24-03-2025
Mumbai,Goa,Goa Express,85404,16:10,Express,08:06,19:21,Economy,529,13-06-2025
Aurangabad,Chennai,Chennai Express,86496,07:10,Passenger,04:30,12:14,Economy,996,03-10-2025
Aurangabad,Jaipur,Jaipur Express,88623,12:21,Passenger,09:23,10:32,Moderate,440,16-05-2025
Thane,Vadodara,Vadodara Express,87712,17:25,Passenger,13:04,14:12,Moderate,125,20-07-2025
Aurangabad,Vadodara,Vadodara Express,88928,20:00,Express,22:20,15:48,Moderate,450,03-02-2025
Nashik,Vadodara,Vadodara Express,83751,13:40,Express,19:32,06:13,Luxury,791,28-02-2025
Nagpur,Surat,Surat Express,85525,16:30,Passenger,16:07,11:37,Economy,724,28-06-2025
Solapur,Bhopal,Bhopal Express,88009,03:41,Superfast,00:55,01:30,Moderate,676,10-02-2025
Pune,Surat,Surat Express,82282,13:48,Express,09:13,12:13,Moderate,695,08-10-2025
Nashik,Hyderabad,Hyderabad Express,88697,05:32,Passenger,18:53,13:39,Moderate,862,09-02-2025
Mumbai,Bhopal,Bhopal Express,85760,01:43,Express,00:11,17:26,Moderate,742,30-08-2025
Nashik,Hyderabad,Hyderabad Express,84013,02:11,Superfast,18:23,14:42,Luxury,856,20-12-2025
Kolhapur,Vadodara,Vadodara Express,80536,03:09,Passenger,05:25,03:41,Economy,171,13-11-2025
Nashik,Ahmedabad,Ahmedabad Express,86395,15:15,Express,19:48,14:54,Moderate,294,21-10-2025
Nagpur,Hyderabad,Hyderabad Express,84790,19:44,Superfast,13:04,20:46,Moderate,855,11-12-2025
Amravati,Vadodara,Vadodara Express,81568,01:41,Express,06:36,02:30,Luxury,354,09-10-2025
Amravati,Hyderabad,Hyderabad Express,87973,04:51,Superfast,01:52,17:58,Economy,902,07-06-2025
Solapur,Surat,Surat Express,82225,01:00,Express,23:27,19:17,Moderate,858,10-07-2025
Thane,Surat,Surat Express,85533,13:16,Passenger,09:00,00:26,Luxury,917,09-04-2025
Pune,Hyderabad,Hyderabad Express,84208,14:55,Express,01:06,22:43,Moderate,512,06-03-2025
Pune,Hyderabad,Hyderabad Express,83139,19:30,Superfast,16:49,23:49,Moderate,513,28-06-2025
Mumbai,Indore,Indore Express,80067,12:02,Express,02:05,04:26,Luxury,295,07-08-2025
Solapur,Udaipur,Udaipur Express,88114,09:53,Passenger,22:19,06:57,Economy,956,08-12-2025
Nashik,Bhopal,Bhopal Express,83076,12:28,Passenger,03:24,18:25,Luxury,875,17-10-2025
Jalgaon,Chennai,Chennai Express,85667,16:33,Superfast,19:20,03:32,Economy,783,25-12-2025
Nagpur,Surat,Surat Express,84694,02:39,Superfast,23:36,23:30,Luxury,804,23-04-2025
Nashik,Goa,Goa Express,81752,09:09,Express,04:52,01:18,Economy,275,05-04-2025
Amravati,Udaipur,Udaipur Express,80950,14:48,Superfast,21:07,14:53,Luxury,271,30-08-2025
Aurangabad,Ahmedabad,Ahmedabad Express,87076,08:47,Passenger,05:06,13:05,Moderate,226,13-08-2025
Nagpur,Ahmedabad,Ahmedabad Express,85872,09:10,Express,05:14,00:41,Luxury,178,07-06-2025
Amravati,Goa,Goa Express,87483,02:03,Passenger,00:37,23:23,Economy,592,30-05-2025
Nashik,Hyderabad,Hyderabad Express,80777,01:24,Passenger,03:38,04:18,Economy,233,29-08-2025
Kolhapur,Surat,Surat Express,88076,03:09,Superfast,13:15,03:13,Moderate,206,04-08-2025
Amravati,Hyderabad,Hyderabad Express,87999,18:13,Passenger,04:32,16:57,Luxury,638,11-05-2025
Solapur,Indore,Indore Express,82161,11:02,Superfast,09:16,22:44,Moderate,645,24-10-2025
Nashik,Hyderabad,Hyderabad Express,89750,11:01,Superfast,14:38,17:18,Luxury,511,19-09-2025
Pune,Vadodara,Vadodara Express,86113,14:34,Passenger,20:21,06:36,Luxury,643,29-12-2025
Thane,Goa,Goa Express,80501,13:33,Express,19:09,04:24,Luxury,807,23-03-2025
Solapur,Indore,Indore Express,82876,09:43,Passenger,10:22,13:28,Moderate,882,13-07-2025
Nagpur,Goa,Goa Express,80597,01:38,Passenger,06:14,14:55,Luxury,917,25-07-2025
Jalgaon,Indore,Indore Express,82200,08:22,Express,10:45,15:09,Luxury,207,17-09-2025
Kolhapur,Hyderabad,Hyderabad Express,87788,17:14,Express,12:06,03:15,Luxury,783,18-10-2025
Mumbai,Hyderabad,Hyderabad Express,89286,07:36,Passenger,09:08,21:15,Moderate,195,12-12-2025
Thane,Jaipur,Jaipur Express,84529,14:48,Express,06:07,10:29,Economy,278,19-12-2025
Aurangabad,Surat,Surat Express,85618,10:56,Superfast,03:35,02:24,Luxury,145,19-06-2025
Jalgaon,Indore,Indore Express,88197,08:57,Passenger,16:22,09:12,Economy,516,03-04-2025
Nashik,Indore,Indore Express,85658,08:59,Passenger,16:42,09:27,Economy,315,31-01-2025
Amravati,Surat,Surat Express,88571,10:33,Express,15:22,17:10,Luxury,354,04-12-2025
Nashik,Udaipur,Udaipur Express,84625,15:19,Express,10:24,05:24,Moderate,342,01-08-2025
Pune,Hyderabad,Hyderabad Express,84597,14:11,Express,18:01,09:58,Economy,161,07-07-2025
Mumbai,Indore,Indore Express,83605,02:07,Express,14:07,14:46,Luxury,316,18-03-2025
Kolhapur,Surat,Surat Express,80709,04:58,Superfast,12:42,14:25,Luxury,185,24-07-2025
Pune,Ahmedabad,Ahmedabad Express,82711,05:11,Superfast,16:29,14:06,Economy,664,04-06-2025
Pune,Bhopal,Bhopal Express,81894,10:07,Express,01:01,08:40,Moderate,157,20-10-2025
Amravati,Jaipur,Jaipur Express,82637,06:18,Express,09:11,20:13,Economy,507,25-07-2025
Kolhapur,Indore,Indore Express,85114,15:27,Express,06:20,09:47,Moderate,130,22-07-2025
Mumbai,Ahmedabad,Ahmedabad Express,82019,08:17,Express,07:13,22:54,Moderate,734,20-06-2025
Jalgaon,Indore,Indore Express,86338,20:20,Superfast,15:29,02:32,Luxury,366,04-11-2025
Kolhapur,Udaipur,Udaipur Express,88059,13:01,Express,17:45,02:56,Luxury,370,25-07-2025
Aurangabad,Hyderabad,Hyderabad Express,83228,14:38,Express,19:27,02:02,Economy,343,06-10-2025
Pune,Udaipur,Udaipur Express,89622,15:08,Superfast,15:50,16:58,Moderate,961,28-05-2025
Jalgaon,Hyderabad,Hyderabad Express,81646,11:22,Express,05:15,03:46,Moderate,177,18-05-2025
Mumbai,Udaipur,Udaipur Express,83625,11:17,Passenger,09:24,00:17,Economy,151,10-02-2025
Kolhapur,Bhopal,Bhopal Express,81090,01:49,Passenger,19:09,05:34,Economy,975,12-06-2025
Pune,Surat,Surat Express,81305,01:06,Superfast,17:58,23:09,Luxury,762,14-02-2025
Jalgaon,Bhopal,Bhopal Express,87023,03:57,Superfast,22:28,15:01,Moderate,579,20-02-2025
Amravati,Goa,Goa Express,88242,09:29,Express,17:17,10:25,Economy,735,12-10-2025
Solapur,Chennai,Chennai Express,81855,13:32,Express,20:54,11:27,Moderate,568,18-06-2025
Aurangabad,Surat,Surat Express,89526,13:38,Superfast,13:20,01:29,Moderate,584,22-01-2025
Pune,Ahmedabad,Ahmedabad Express,89607,18:36,Express,04:46,15:24,Moderate,829,16-05-2025
Thane,Udaipur,Udaipur Express,88760,17:30,Passenger,10:37,16:40,Economy,604,27-06-2025
Pune,Goa,Goa Express,80457,12:26,Superfast,19:50,07:31,Moderate,498,29-03-2025
Jalgaon,Surat,Surat Express,88326,16:36,Express,12:21,01:18,Moderate,473,04-09-2025
Solapur,Ahmedabad,Ahmedabad Express,84341,09:05,Passenger,20:36,17:29,Economy,326,29-09-2025
Aurangabad,Udaipur,Udaipur Express,80672,08:23,Superfast,16:14,03:10,Economy,111,29-04-2025
Nashik,Ahmedabad,Ahmedabad Express,88441,06:49,Express,00:54,03:35,Economy,293,14-10-2025
Kolhapur,Jaipur,Jaipur Express,86448,09:38,Superfast,16:44,02:30,Moderate,922,04-07-2025
Pune,Indore,Indore Express,86524,03:34,Superfast,07:27,16:15,Luxury,475,09-06-2025
Kolhapur,Udaipur,Udaipur Express,85484,08:23,Passenger,22:54,05:22,Moderate,442,18-07-2025
Kolhapur,Udaipur,Udaipur Express,84490,07:58,Superfast,20:20,13:23,Moderate,467,31-03-2025
Pune,Vadodara,Vadodara Express,86918,06:06,Express,09:47,03:46,Moderate,913,31-05-2025
Mumbai,Indore,Indore Express,84415,05:21,Superfast,23:17,01:51,Luxury,806,24-10-2025
Thane,Chennai,Chennai Express,85114,20:39,Superfast,03:33,13:07,Moderate,403,22-10-2025
Pune,Udaipur,Udaipur Express,85084,16:35,Express,18:18,13:20,Moderate,397,15-09-2025
Nashik,Udaipur,Udaipur Express,80638,19:56,Express,08:31,00:32,Economy,202,01-09-2025
Aurangabad,Udaipur,Udaipur Express,85477,01:45,Passenger,08:06,04:16,Moderate,478,15-07-2025
Aurangabad,Indore,Indore Express,82696,01:27,Superfast,14:04,01:16,Luxury,325,14-06-2025
Solapur,Jaipur,Jaipur Express,83932,03:47,Superfast,22:41,15:42,Luxury,924,29-09-2025
Thane,Goa,Goa Express,82737,06:40,Superfast,14:35,12:59,Moderate,563,15-08-2025
Kolhapur,Surat,Surat Express,83103,17:53,Express,11:34,17:56,Luxury,691,09-10-2025
Nagpur,Hyderabad,Hyderabad Express,86372,05:59,Passenger,10:36,06:19,Luxury,364,18-04-2025
Pune,Bhopal,Bhopal Express,84483,04:18,Passenger,03:32,07:20,Luxury,406,01-03-2025
Thane,Goa,Goa Express,83590,17:41,Express,07:17,14:49,Economy,606,09-02-2025
Nagpur,Surat,Surat Express,83190,18:29,Superfast,04:27,15:53,Luxury,685,07-04-2025
Jalgaon,Hyderabad,Hyderabad Express,89796,12:54,Passenger,00:38,06:39,Luxury,683,21-01-2025
Amravati,Hyderabad,Hyderabad Express,87970,16:01,Superfast,14:45,04:31,Economy,543,10-11-2025
Amravati,Surat,Surat Express,84624,14:03,Passenger,01:15,13:43,Luxury,956,18-01-2025
Pune,Bhopal,Bhopal Express,84323,08:33,Superfast,12:35,08:19,Economy,881,08-08-2025
Nashik,Hyderabad,Hyderabad Express,88967,02:51,Passenger,09:28,02:39,Economy,586,07-11-2025
Pune,Goa,Goa Express,82459,14:52,Superfast,19:51,14:35,Economy,977,14-12-2025
Amravati,Indore,Indore Express,85409,15:36,Express,21:37,21:03,Economy,760,29-08-2025
Kolhapur,Ahmedabad,Ahmedabad Express,88318,12:35,Superfast,06:06,18:59,Luxury,895,30-07-2025
Nagpur,Goa,Goa Express,83732,11:09,Passenger,08:09,21:53,Economy,697,31-01-2025
Aurangabad,Indore,Indore Express,87560,17:30,Passenger,19:06,08:58,Economy,487,07-11-2025
Amravati,Goa,Goa Express,87848,16:37,Superfast,16:56,10:06,Luxury,543,23-01-2025
Pune,Jaipur,Jaipur Express,83385,20:01,Passenger,02:49,10:27,Moderate,908,18-05-2025
Nagpur,Vadodara,Vadodara Express,80297,07:59,Passenger,14:40,02:34,Luxury,524,29-06-2025
Kolhapur,Indore,Indore Express,87381,06:38,Superfast,03:12,22:05,Economy,757,01-07-2025
Amravati,Jaipur,Jaipur Express,88517,07:07,Superfast,08:22,00:07,Luxury,492,12-04-2025
Kolhapur,Surat,Surat Express,86798,16:11,Superfast,02:57,01:37,Economy,367,24-01-2025
Solapur,Indore,Indore Express,88628,07:42,Superfast,11:54,10:47,Economy,444,28-10-2025
Mumbai,Goa,Goa Express,86353,04:50,Express,10:05,03:08,Luxury,693,24-02-2025
Pune,Hyderabad,Hyderabad Express,84164,07:06,Express,00:39,07:22,Economy,177,08-12-2025
Thane,Bhopal,Bhopal Express,80070,14:17,Passenger,12:49,18:48,Luxury,511,28-04-2025
Kolhapur,Surat,Surat Express,81094,04:36,Superfast,14:32,07:38,Luxury,569,04-07-2025
Kolhapur,Ahmedabad,Ahmedabad Express,89859,17:19,Superfast,00:00,13:04,Economy,378,01-12-2025
Kolhapur,Vadodara,Vadodara Express,89948,12:18,Superfast,21:27,23:48,Luxury,100,15-12-2025
Amravati,Vadodara,Vadodara Express,83058,06:57,Express,12:18,00:47,Luxury,642,06-10-2025
Solapur,Vadodara,Vadodara Express,89829,04:55,Passenger,18:26,18:57,Luxury,989,06-04-2025
Jalgaon,Bhopal,Bhopal Express,89642,04:55,Passenger,10:03,13:40,Economy,341,24-11-2025
Nagpur,Bhopal,Bhopal Express,80594,18:36,Superfast,00:21,07:31,Luxury,781,12-12-2025
Amravati,Bhopal,Bhopal Express,80961,14:17,Superfast,17:59,10:56,Luxury,607,04-07-2025
Pune,Indore,Indore Express,81507,12:51,Superfast,20:29,13:27,Moderate,183,09-10-2025
Kolhapur,Jaipur,Jaipur Express,89004,15:34,Superfast,11:36,10:55,Economy,889,09-06-2025
Mumbai,Hyderabad,Hyderabad Express,87455,13:46,Superfast,00:54,15:17,Moderate,510,11-03-2025
Nashik,Surat,Surat Express,81414,03:51,Superfast,13:08,20:36,Luxury,740,26-04-2025
Nashik,Jaipur,Jaipur Express,82365,13:12,Passenger,04:17,22:01,Economy,287,18-09-2025
Mumbai,Chennai,Chennai Express,82039,03:58,Superfast,08:39,13:40,Economy,322,14-10-2025
Nashik,Hyderabad,Hyderabad Express,86343,19:20,Passenger,12:24,15:29,Moderate,930,18-07-2025
Pune,Chennai,Chennai Express,87396,20:19,Express,01:41,09:35,Moderate,249,14-02-2025
Aurangabad,Jaipur,Jaipur Express,80238,05:26,Superfast,20:35,09:52,Luxury,274,23-03-2025
Amravati,Indore,Indore Express,83024,01:34,Superfast,21:25,13:50,Luxury,784,08-01-2025
Nagpur,Jaipur,Jaipur Express,86364,14:08,Superfast,00:06,12:01,Luxury,144,20-04-2025
Aurangabad,Chennai,Chennai Express,80908,12:40,Superfast,21:24,22:41,Luxury,401,25-03-2025
Nashik,Chennai,Chennai Express,85464,08:58,Superfast,00:49,13:53,Luxury,293,23-09-2025
Jalgaon,Surat,Surat Express,82453,07:25,Superfast,20:30,12:01,Moderate,751,02-10-2025
Thane,Bhopal,Bhopal Express,88249,08:22,Superfast,21:33,09:08,Luxury,310,13-03-2025
Solapur,Hyderabad,Hyderabad Express,88885,14:03,Express,15:17,09:02,Economy,605,01-08-2025
Thane,Bhopal,Bhopal Express,87324,01:20,Passenger,01:25,16:33,Luxury,594,09-02-2025
Amravati,Udaipur,Udaipur Express,83177,01:19,Superfast,10:34,01:51,Economy,827,07-05-2025
Solapur,Hyderabad,Hyderabad Express,89498,14:07,Superfast,07:25,18:54,Luxury,661,24-02-2025
Aurangabad,Chennai,Chennai Express,81876,16:29,Passenger,21:49,06:27,Luxury,613,28-11-2025
Pune,Hyderabad,Hyderabad Express,88147,08:55,Passenger,23:33,05:30,Luxury,157,08-05-2025
Solapur,Udaipur,Udaipur Express,89795,06:42,Express,13:16,15:05,Luxury,214,21-03-2025
Pune,Vadodara,Vadodara Express,86720,03:14,Express,10:17,19:29,Economy,477,19-01-2025
Jalgaon,Goa,Goa Express,84064,13:13,Express,17:26,10:15,Moderate,321,06-09-2025
Aurangabad,Hyderabad,Hyderabad Express,88700,12:31,Passenger,23:25,23:12,Economy,388,23-07-2025
Aurangabad,Chennai,Chennai Express,85172,03:45,Superfast,14:49,15:21,Economy,782,18-08-2025
Aurangabad,Hyderabad,Hyderabad Express,88288,14:55,Superfast,05:18,00:17,Economy,632,04-11-2025
Nagpur,Chennai,Chennai Express,87127,02:59,Superfast,15:13,01:44,Economy,576,01-01-2025
Jalgaon,Hyderabad,Hyderabad Express,86167,01:42,Passenger,22:23,10:26,Moderate,389,28-12-2025
Amravati,Chennai,Chennai Express,82412,12:50,Superfast,04:12,12:38,Economy,996,14-01-2025
Mumbai,Surat,Surat Express,88715,05:35,Express,22:18,06:39,Moderate,967,19-10-2025
Thane,Surat,Surat Express,87948,02:18,Passenger,23:08,02:46,Economy,957,24-11-2025
Nashik,Goa,Goa Express,84277,09:21,Passenger,21:37,18:48,Economy,189,20-03-2025
Aurangabad,Ahmedabad,Ahmedabad Express,84505,13:44,Passenger,18:23,11:11,Luxury,463,10-02-2025
Pune,Hyderabad,Hyderabad Express,87160,09:00,Superfast,15:20,11:53,Luxury,432,17-05-2025
Nashik,Surat,Surat Express,84596,10:19,Express,23:17,17:21,Luxury,160,29-11-2025
Nashik,Jaipur,Jaipur Express,88396,02:34,Passenger,07:29,19:40,Economy,303,12-04-2025
Aurangabad,Vadodara,Vadodara Express,86315,19:08,Express,15:25,22:09,Luxury,883,22-01-2025
Aurangabad,Bhopal,Bhopal Express,86426,20:56,Superfast,10:06,00:47,Moderate,396,08-11-2025
Solapur,Surat,Surat Express,85274,19:39,Superfast,03:39,07:34,Economy,881,18-09-2025
Mumbai,Bhopal,Bhopal Express,83943,09:46,Passenger,08:05,03:58,Moderate,453,28-04-2025
Thane,Ahmedabad,Ahmedabad Express,80230,08:54,Express,09:28,14:24,Moderate,185,25-10-2025
Nashik,Bhopal,Bhopal Express,87587,01:54,Passenger,16:40,19:16,Luxury,452,14-10-2025
Thane,Goa,Goa Express,84717,12:55,Superfast,09:00,06:38,Moderate,132,21-09-2025
Kolhapur,Vadodara,Vadodara Express,82957,20:14,Superfast,03:06,11:33,Luxury,646,05-02-2025
Thane,Jaipur,Jaipur Express,89259,18:50,Passenger,16:29,15:08,Luxury,178,29-07-2025
Thane,Vadodara,Vadodara Express,81474,06:03,Superfast,18:31,17:40,Luxury,804,07-04-2025
Solapur,Bhopal,Bhopal Express,87970,16:53,Express,14:54,13:23,Luxury,546,31-10-2025
Amravati,Vadodara,Vadodara Express,83093,04:17,Superfast,03:43,18:08,Moderate,833,03-05-2025
Jalgaon,Chennai,Chennai Express,82660,18:49,Express,05:28,06:27,Luxury,719,25-08-2025
Mumbai,Ahmedabad,Ahmedabad Express,89241,14:44,Superfast,17:38,02:43,Luxury,238,30-08-2025
Mumbai,Chennai,Chennai Express,84626,07:31,Superfast,18:58,11:03,Economy,624,29-10-2025
Aurangabad,Udaipur,Udaipur Express,88057,09:38,Express,09:07,05:43,Moderate,215,15-04-2025
Solapur,Vadodara,Vadodara Express,82687,04:34,Passenger,15:03,00:16,Moderate,668,07-06-2025
Thane,Hyderabad,Hyderabad Express,85961,14:09,Superfast,13:36,03:15,Moderate,126,16-11-2025
Amravati,Vadodara,Vadodara Express,81470,04:42,Passenger,09:29,21:30,Luxury,946,11-10-2025
Mumbai,Udaipur,Udaipur Express,86787,14:13,Passenger,04:09,02:54,Economy,590,04-05-2025
Aurangabad,Chennai,Chennai Express,87517,03:59,Express,02:21,16:14,Economy,142,02-05-2025
Aurangabad,Udaipur,Udaipur Express,85467,13:18,Express,02:39,17:12,Economy,787,28-08-2025
Mumbai,Ahmedabad,Ahmedabad Express,85035,16:31,Superfast,09:04,03:55,Moderate,535,21-03-2025
Mumbai,Chennai,Chennai Express,82387,12:26,Passenger,19:35,19:01,Moderate,492,16-08-2025
Kolhapur,Surat,Surat Express,89555,18:22,Passenger,03:20,03:16,Economy,331,13-05-2025
Mumbai,Bhopal,Bhopal Express,84871,19:43,Passenger,02:22,04:15,Economy,485,18-02-2025
Pune,Indore,Indore Express,84131,05:09,Passenger,14:45,21:17,Economy,245,26-02-2025
Nagpur,Indore,Indore Express,80246,01:10,Passenger,16:59,19:11,Luxury,413,29-01-2025
Mumbai,Chennai,Chennai Express,83856,03:28,Superfast,12:13,07:04,Luxury,429,23-03-2025
Pune,Surat,Surat Express,83526,08:16,Express,14:38,04:38,Economy,643,12-12-2025
Nagpur,Vadodara,Vadodara Express,86952,11:51,Express,10:17,05:22,Economy,796,10-09-2025
Nashik,Vadodara,Vadodara Express,80215,19:17,Express,19:28,03:40,Economy,940,11-07-2025
Kolhapur,Hyderabad,Hyderabad Express,87746,19:00,Passenger,04:53,21:36,Moderate,659,15-08-2025
Thane,Jaipur,Jaipur Express,88197,14:41,Express,10:46,11:12,Moderate,956,16-12-2025
Thane,Bhopal,Bhopal Express,87076,12:08,Passenger,07:22,17:52,Economy,654,12-02-2025
Jalgaon,Indore,Indore Express,85910,20:50,Passenger,04:24,15:43,Moderate,280,23-04-2025
Nagpur,Hyderabad,Hyderabad Express,82683,03:14,Superfast,04:57,21:51,Economy,158,03-11-2025
Nagpur,Surat,Surat Express,85500,20:51,Express,00:11,14:42,Luxury,578,29-04-2025
Nagpur,Udaipur,Udaipur Express,88022,01:53,Express,21:21,13:17,Luxury,378,06-06-2025
Pune,Chennai,Chennai Express,83710,18:57,Passenger,17:35,15:55,Luxury,407,05-06-2025
Amravati,Ahmedabad,Ahmedabad Express,80199,12:18,Express,08:55,07:07,Luxury,330,23-02-2025
Nagpur,Vadodara,Vadodara Express,88306,17:45,Superfast,00:20,14:30,Moderate,645,16-11-2025
Jalgaon,Hyderabad,Hyderabad Express,80047,11:19,Passenger,20:20,12:37,Luxury,635,24-12-2025
Nagpur,Vadodara,Vadodara Express,85084,20:18,Passenger,07:27,02:10,Luxury,840,31-01-2025
Amravati,Bhopal,Bhopal Express,84234,02:21,Superfast,18:09,13:00,Economy,846,27-04-2025
Pune,Jaipur,Jaipur Express,86742,11:53,Superfast,18:23,18:14,Moderate,196,24-02-2025
Pune,Udaipur,Udaipur Express,84599,17:20,Express,23:00,17:23,Moderate,146,06-11-2025
Jalgaon,Hyderabad,Hyderabad Express,83609,09:59,Superfast,23:59,19:37,Moderate,287,27-07-2025
Pune,Surat,Surat Express,82734,08:30,Superfast,21:19,08:35,Economy,383,06-05-2025
Mumbai,Bhopal,Bhopal Express,80542,20:55,Passenger,12:22,06:40,Luxury,840,11-03-2025
Nagpur,Indore,Indore Express,83025,09:09,Express,04:57,21:07,Moderate,482,30-08-2025
Thane,Udaipur,Udaipur Express,84611,19:35,Passenger,20:24,21:32,Economy,806,28-03-2025
Nagpur,Indore,Indore Express,83275,04:57,Superfast,01:43,10:32,Economy,270,27-10-2025
Nagpur,Udaipur,Udaipur Express,89646,11:00,Express,10:53,08:48,Moderate,411,13-06-2025
Nagpur,Ahmedabad,Ahmedabad Express,83812,14:31,Superfast,05:50,00:01,Luxury,867,04-10-2025
Nagpur,Bhopal,Bhopal Express,84928,18:09,Passenger,20:08,10:36,Economy,169,16-03-2025
Pune,Indore,Indore Express,85380,10:18,Superfast,04:33,10:23,Moderate,273,16-11-2025
Aurangabad,Bhopal,Bhopal Express,89924,04:57,Superfast,23:50,20:46,Luxury,966,25-08-2025
Aurangabad,Bhopal,Bhopal Express,80139,06:46,Passenger,05:32,17:16,Luxury,608,01-02-2025
Nagpur,Ahmedabad,Ahmedabad Express,82127,09:51,Passenger,07:16,14:02,Moderate,214,18-05-2025
Solapur,Jaipur,Jaipur Express,84676,01:06,Express,06:57,15:45,Economy,799,13-08-2025
Kolhapur,Goa,Goa Express,84822,16:59,Express,17:36,18:29,Economy,216,09-12-2025
Jalgaon,Goa,Goa Express,81323,17:39,Passenger,06:04,15:39,Economy,124,01-05-2025
Mumbai,Chennai,Chennai Express,86189,08:10,Superfast,13:32,13:57,Luxury,947,31-08-2025
Nagpur,Indore,Indore Express,80111,07:10,Superfast,16:49,15:52,Moderate,979,31-12-2025
Kolhapur,Chennai,Chennai Express,87576,08:03,Passenger,15:39,18:00,Moderate,168,02-08-2025
Pune,Bhopal,Bhopal Express,85711,18:48,Passenger,06:46,07:04,Economy,987,07-11-2025
Nashik,Surat,Surat Express,89334,20:38,Express,15:17,15:01,Moderate,950,07-06-2025
Amravati,Vadodara,Vadodara Express,83234,10:32,Superfast,17:56,03:23,Luxury,808,18-07-2025
Pune,Vadodara,Vadodara Express,89592,14:50,Express,12:18,01:23,Moderate,187,15-11-2025
Pune,Hyderabad,Hyderabad Express,86784,17:22,Express,06:28,11:22,Moderate,380,12-07-2025
Pune,Ahmedabad,Ahmedabad Express,81939,12:11,Passenger,20:11,05:14,Economy,886,30-10-2025
Thane,Vadodara,Vadodara Express,88937,06:53,Express,05:57,00:40,Economy,793,01-02-2025
Aurangabad,Chennai,Chennai Express,82852,16:47,Express,19:22,08:37,Luxury,266,23-01-2025
Aurangabad,Jaipur,Jaipur Express,81767,14:57,Superfast,19:18,09:10,Luxury,665,10-12-2025
Amravati,Chennai,Chennai Express,84419,13:02,Passenger,05:51,21:20,Moderate,127,12-01-2025
Mumbai,Bhopal,Bhopal Express,87086,03:44,Express,20:38,05:51,Luxury,913,17-07-2025
Mumbai,Vadodara,Vadodara Express,83917,06:43,Superfast,17:38,05:57,Economy,651,07-02-2025
Jalgaon,Hyderabad,Hyderabad Express,87293,10:35,Superfast,00:21,07:00,Economy,193,18-03-2025
Aurangabad,Surat,Surat Express,85744,13:54,Passenger,04:48,12:20,Luxury,612,27-03-2025
Solapur,Udaipur,Udaipur Express,82968,09:47,Superfast,21:01,06:02,Economy,847,06-07-2025
Solapur,Surat,Surat Express,85509,18:47,Express,07:29,21:45,Luxury,447,23-05-2025
Amravati,Ahmedabad,Ahmedabad Express,82290,08:42,Passenger,17:04,04:18,Luxury,155,27-12-2025
Nagpur,Ahmedabad,Ahmedabad Express,87792,04:20,Superfast,14:03,23:23,Moderate,797,20-11-2025
Nagpur,Surat,Surat Express,83000,04:46,Passenger,19:08,18:45,Moderate,897,13-12-2025
Pune,Ahmedabad,Ahmedabad Express,83934,13:01,Express,13:22,16:34,Luxury,972,24-06-2025
Kolhapur,Ahmedabad,Ahmedabad Express,87513,18:26,Express,00:08,00:09,Luxury,116,30-09-2025
Jalgaon,Ahmedabad,Ahmedabad Express,81172,09:12,Superfast,01:17,02:46,Economy,346,22-03-2025
Pune,Hyderabad,Hyderabad Express,84521,16:05,Passenger,02:12,04:38,Moderate,742,15-03-2025
